"Kind","SourcePath","RepoPath","Bytes","SHA256","LastWriteUtc","Status"
"cobol","D:\tmp\Sovereign-Event-Bus\seb\adapters\SEBEVENT.cpy","sources\D\tmp\Sovereign-Event-Bus\seb\adapters\SEBEVENT.cpy","7086","010487F77D9C8B49357576726396545DE21FE8B337CADCF02C9348CC8F47AEF5","2026-09-03T09:49:59.3896810Z","copied-verified"
"cobol","D:\tmp\sovereign-engine-v2\the-49th-call\substrate\mamari.cbl","sources\D\tmp\sovereign-engine-v2\the-49th-call\substrate\mamari.cbl","4513","40F11040E4791A48F204A439081D4FAE2746A55803A712A6F54586941AD3AF82","2026-09-07T06:36:26.5340233Z","copied-verified"
"cobol","D:\tmp\sov-kernel-monster-rtx-20260725\sovereign-pli\sov_record_gate.cbl","sources\D\tmp\sov-kernel-monster-rtx-20260725\sovereign-pli\sov_record_gate.cbl","5770","AE0A0F1E2875588661723B4D1EFB39388B0278877E60ADB796AB81344EB3F70B","2026-07-26T02:54:52.8388987Z","copied-verified"
"cobol","D:\tmp\sov-game-pr\sovereign-pli\sov_record_gate.cbl","","5770","AE0A0F1E2875588661723B4D1EFB39388B0278877E60ADB796AB81344EB3F70B","2026-07-24T23:53:19.2855517Z","duplicate-of:sources\D\tmp\sov-kernel-monster-rtx-20260725\sovereign-pli\sov_record_gate.cbl"
"cobol","D:\tmp\snapkittywest-portfolio\the-49th-call\substrate\mamari.cbl","","4513","40F11040E4791A48F204A439081D4FAE2746A55803A712A6F54586941AD3AF82","2026-06-11T14:15:04.3247941Z","duplicate-of:sources\D\tmp\sovereign-engine-v2\the-49th-call\substrate\mamari.cbl"
"cobol","D:\tmp\snapkitty-universe-stage\.resurrect-workspace\the-49th-call\substrate\mamari.cbl","","4513","40F11040E4791A48F204A439081D4FAE2746A55803A712A6F54586941AD3AF82","2026-06-19T03:01:09.9592419Z","duplicate-of:sources\D\tmp\sovereign-engine-v2\the-49th-call\substrate\mamari.cbl"
"cobol","D:\tmp\FEDERATED-SKUNKSLAB\the-49th-call\substrate\mamari.cbl","","4513","40F11040E4791A48F204A439081D4FAE2746A55803A712A6F54586941AD3AF82","2026-08-24T15:25:22.0526776Z","duplicate-of:sources\D\tmp\sovereign-engine-v2\the-49th-call\substrate\mamari.cbl"
"cobol","D:\tmp\devflow-finance-twin\cobol\ACHRTRN.cbl","sources\D\tmp\devflow-finance-twin\cobol\ACHRTRN.cbl","14105","3A8C4607041F1B85D87F4695CB667A1166AC57F307D389241E4793A66117164B","2026-09-11T10:44:23.4632546Z","copied-verified"
"cobol","D:\tmp\devflow-finance-twin\cobol\COBILT-ACH-TREASURY.cbl","sources\D\tmp\devflow-finance-twin\cobol\COBILT-ACH-TREASURY.cbl","16014","A538B87D4820FB558111A9BE328382AA6ADD4D7A39B1A8E0D59729858784DF68","2026-09-11T10:44:23.4642553Z","copied-verified"
"cobol","D:\tmp\devflow-finance-twin\cobol\COBILT-DATAWORM.cbl","sources\D\tmp\devflow-finance-twin\cobol\COBILT-DATAWORM.cbl","14430","865D7ADED2F6143AF723F1FFA3C4516FB884CE13AB8F41D8FDA913987B4EE1C2","2026-09-11T10:44:23.4642553Z","copied-verified"
"cobol","D:\tmp\devflow-finance-twin\cobol\COBILT-VAULT.cbl","sources\D\tmp\devflow-finance-twin\cobol\COBILT-VAULT.cbl","25068","85465DED852E2F93AF14313A129B35BC17DD035DF61A1F60AE06FFB2F7EE1EF6","2026-09-11T10:44:23.4652548Z","copied-verified"
"cobol","D:\tmp\devflow-finance-twin\cobol\COBILT_DATAWORM_TREASURY.cob","sources\D\tmp\devflow-finance-twin\cobol\COBILT_DATAWORM_TREASURY.cob","15481","6A97C605DEC262F805E9639022E0145559AEA5C688052BF93027F8537A1AB150","2026-09-11T10:44:23.4652548Z","copied-verified"
"cobol","D:\tmp\devflow-finance-twin\cobol\LEDGER_POST.cbl","sources\D\tmp\devflow-finance-twin\cobol\LEDGER_POST.cbl","1349","BB4E5BD4678D752902FD884F6BCAC79484A2ACA25235E4BC7E39AD9F305FAED4","2026-09-11T10:44:23.4652548Z","copied-verified"
"cobol","D:\tmp\devflow-finance-twin\cobol\LEDGWYCB.cbl","sources\D\tmp\devflow-finance-twin\cobol\LEDGWYCB.cbl","1777","B5A891A7CEF2FB7E844CC613C845148031A681A1C338FEAB7CCDFE374197F061","2026-09-11T10:44:23.4652548Z","copied-verified"
"cobol","D:\tmp\devflow-finance-twin\cobol\worm_bridge.cob","sources\D\tmp\devflow-finance-twin\cobol\worm_bridge.cob","2271","D5E78508A9A7252395D0E993E91F71AB9A0059771995E6A512B46858AE299D54","2026-09-07T06:43:58.2477817Z","copied-verified"
"cobol","D:\tmp\cartographer-agent\kernels\cobol-law-kernel.cob","sources\D\tmp\cartographer-agent\kernels\cobol-law-kernel.cob","1825","7428FE3500822D7641486F24826381B2086493D0B7D5262395B79A5449E47029","2026-09-03T09:59:24.4320872Z","copied-verified"
"cobol","C:\Users\jessi\sovereign-engine-v2\the-49th-call\substrate\mamari.cbl","","4513","40F11040E4791A48F204A439081D4FAE2746A55803A712A6F54586941AD3AF82","2026-09-07T06:31:04.6693185Z","duplicate-of:sources\D\tmp\sovereign-engine-v2\the-49th-call\substrate\mamari.cbl"
"cobol","C:\Users\jessi\sovereign-engine-v2\constraint-harness\ACHRTRN.cbl","sources\C\Users\jessi\sovereign-engine-v2\constraint-harness\ACHRTRN.cbl","20451","9D1FA68DE421B7918E50467D8A3EF2443EF3484B99EBDE50E5504D4EF1CCB0C0","2026-09-10T05:28:59.8394739Z","copied-verified"
"cobol","C:\Users\jessi\SNAPKITTYWEST\tmp\the-49th-call\substrate\mamari.cbl","","4513","40F11040E4791A48F204A439081D4FAE2746A55803A712A6F54586941AD3AF82","2026-07-20T02:15:48.6162028Z","duplicate-of:sources\D\tmp\sovereign-engine-v2\the-49th-call\substrate\mamari.cbl"
"cobol","C:\Users\jessi\SNAPKITTYWEST\tmp\Sovereign-Event-Bus\seb\adapters\SEBEVENT.cpy","","7086","010487F77D9C8B49357576726396545DE21FE8B337CADCF02C9348CC8F47AEF5","2026-07-25T09:26:46.9223372Z","duplicate-of:sources\D\tmp\Sovereign-Event-Bus\seb\adapters\SEBEVENT.cpy"
"cobol","C:\Users\jessi\SNAPKITTYWEST\sovereign-suite\polyglot\implementations\cobol\budget-loc.cpy","sources\C\Users\jessi\SNAPKITTYWEST\sovereign-suite\polyglot\implementations\cobol\budget-loc.cpy","4514","755290DC3D5CC570082C6C3FF5D068AFE09E26E6AC29E66E3B1AD5B096D5A9CF","2026-08-19T16:18:25.5516827Z","copied-verified"
"cobol","C:\Users\jessi\SNAPKITTYWEST\sovereign-suite\polyglot\implementations\cobol\consolidation.cpy","sources\C\Users\jessi\SNAPKITTYWEST\sovereign-suite\polyglot\implementations\cobol\consolidation.cpy","3396","7BA5882F1EA1170E56EABE29C979C41C662C98B6C1878F4BC0EFB18BAE66D93A","2026-08-19T16:18:25.5516827Z","copied-verified"
"cobol","C:\Users\jessi\SNAPKITTYWEST\Sovereign-Event-Bus-nojs-work\seb\adapters\SEBEVENT.cpy","","7086","010487F77D9C8B49357576726396545DE21FE8B337CADCF02C9348CC8F47AEF5","2026-07-25T06:37:53.1740480Z","duplicate-of:sources\D\tmp\Sovereign-Event-Bus\seb\adapters\SEBEVENT.cpy"
"cobol","C:\Users\jessi\SNAPKITTYWEST\Sovereign-Event-Bus-clean\seb\adapters\SEBEVENT.cpy","","7086","010487F77D9C8B49357576726396545DE21FE8B337CADCF02C9348CC8F47AEF5","2026-07-25T06:19:58.3754811Z","duplicate-of:sources\D\tmp\Sovereign-Event-Bus\seb\adapters\SEBEVENT.cpy"
"cobol","C:\Users\jessi\SNAPKITTYWEST\sov-kernel-monster\sovereign-pli\sov_record_gate.cbl","sources\C\Users\jessi\SNAPKITTYWEST\sov-kernel-monster\sovereign-pli\sov_record_gate.cbl","5641","4F2416F047EC1272529C63A3D453C193F0F0E51C55C2AAB024A1C565D8872D00","2026-07-21T15:39:26.0367496Z","copied-verified"
"cobol","C:\Users\jessi\RiderProjects\astra\worm-pow-rsa\cobol\records\append-record.cbl","sources\C\Users\jessi\RiderProjects\astra\worm-pow-rsa\cobol\records\append-record.cbl","5054","346F97547EB7D9FC08AF21EC562BC898FB28D086E97B203F82AEE9000E2340B3","2026-09-24T11:25:22.2241471Z","copied-verified"
"cobol","C:\Users\jessi\RiderProjects\astra\worm-pow-rsa\cobol\records\worm-record.cpy","sources\C\Users\jessi\RiderProjects\astra\worm-pow-rsa\cobol\records\worm-record.cpy","2335","28973AEAA054CBEF83A54544599C3BC40BA398698760D3D4440D32D6C2316B2D","2026-09-24T11:25:22.2224207Z","copied-verified"
"cobol","C:\Users\jessi\RiderProjects\astra\worm-pow-rsa\cobol\reconciliation\reconcile-ledger.cbl","sources\C\Users\jessi\RiderProjects\astra\worm-pow-rsa\cobol\reconciliation\reconcile-ledger.cbl","12015","A58AC8AB86486AB2C6CB8F0CA81B467408FFAF4A4EFC263796A0C11E989E859E","2026-09-24T11:25:22.2261509Z","copied-verified"
"cobol","C:\Users\jessi\RiderProjects\astra\worm-pow-rsa\cobol\ingestion\batch-ingest.cbl","sources\C\Users\jessi\RiderProjects\astra\worm-pow-rsa\cobol\ingestion\batch-ingest.cbl","9185","7A840A7788AF1F4491113C0B2D9B86D5CB48B1F91EBEF8FC26E3324350A03F7D","2026-09-24T11:25:22.2261509Z","copied-verified"
"cobol","C:\Users\jessi\RiderProjects\astra\worm-pow-rsa\cobol\archival\archive-segment.cbl","sources\C\Users\jessi\RiderProjects\astra\worm-pow-rsa\cobol\archival\archive-segment.cbl","7515","A5827BC675E7B3795C446045F08EB1EC5D71575F6A9FF59926ACCC7EBAC5B387","2026-09-24T11:25:22.2251515Z","copied-verified"
"cobol","C:\Users\jessi\IdeaProjects\the-49th-call\substrate\mamari.cbl","","4513","40F11040E4791A48F204A439081D4FAE2746A55803A712A6F54586941AD3AF82","2026-06-06T17:09:40.8076259Z","duplicate-of:sources\D\tmp\sovereign-engine-v2\the-49th-call\substrate\mamari.cbl"
"cobol","C:\Users\jessi\IdeaProjects\DEVFLOW-FINANCE\polyglot\implementations\cobol\budget-loc.cpy","sources\C\Users\jessi\IdeaProjects\DEVFLOW-FINANCE\polyglot\implementations\cobol\budget-loc.cpy","4422","C7613CEB22CED0E1782BC7AB7E0284EC61AE8D3D520A929284B410896565061B","2026-06-10T17:02:35.6006162Z","copied-verified"
"cobol","C:\Users\jessi\IdeaProjects\DEVFLOW-FINANCE\polyglot\implementations\cobol\consolidation.cpy","sources\C\Users\jessi\IdeaProjects\DEVFLOW-FINANCE\polyglot\implementations\cobol\consolidation.cpy","3330","C86DACCF3ADD7F74BCDE60BE4893D223C482D6DF2FB6F2E6CE11C37A74B81E06","2026-06-10T17:02:13.5891043Z","copied-verified"
"cobol","C:\Users\jessi\GolandProjects\devflow-finance-twin\finance\cobol\ACHRTRN.cbl","sources\C\Users\jessi\GolandProjects\devflow-finance-twin\finance\cobol\ACHRTRN.cbl","13713","8F75C09D1CDC7CA60DF617A79C3D31962BF972EEC3669574E4F435EC5CD0CB4E","2026-09-10T00:13:04.1033682Z","copied-verified"
"cobol","C:\Users\jessi\GolandProjects\devflow-finance-twin\finance\cobol\COBILT-ACH-TREASURY.cbl","","16014","A538B87D4820FB558111A9BE328382AA6ADD4D7A39B1A8E0D59729858784DF68","2026-09-09T19:18:38.3804962Z","duplicate-of:sources\D\tmp\devflow-finance-twin\cobol\COBILT-ACH-TREASURY.cbl"
"cobol","C:\Users\jessi\GolandProjects\devflow-finance-twin\finance\cobol\COBILT-DATAWORM.cbl","","14430","865D7ADED2F6143AF723F1FFA3C4516FB884CE13AB8F41D8FDA913987B4EE1C2","2026-09-09T19:18:38.3804962Z","duplicate-of:sources\D\tmp\devflow-finance-twin\cobol\COBILT-DATAWORM.cbl"
"cobol","C:\Users\jessi\GolandProjects\devflow-finance-twin\finance\cobol\COBILT-VAULT.cbl","","25068","85465DED852E2F93AF14313A129B35BC17DD035DF61A1F60AE06FFB2F7EE1EF6","2026-09-09T19:18:38.3814947Z","duplicate-of:sources\D\tmp\devflow-finance-twin\cobol\COBILT-VAULT.cbl"
"cobol","C:\Users\jessi\GolandProjects\devflow-finance-twin\finance\cobol\COBILT_DATAWORM_TREASURY.cob","","15481","6A97C605DEC262F805E9639022E0145559AEA5C688052BF93027F8537A1AB150","2026-09-09T19:18:38.3814947Z","duplicate-of:sources\D\tmp\devflow-finance-twin\cobol\COBILT_DATAWORM_TREASURY.cob"
"cobol","C:\Users\jessi\GolandProjects\devflow-finance-twin\finance\cobol\LEDGER_POST.cbl","sources\C\Users\jessi\GolandProjects\devflow-finance-twin\finance\cobol\LEDGER_POST.cbl","1307","4687127EE0C2124189733FA6BC083E3CF4CE4628A9D0A8CE8C2C593CD774D1E9","2026-09-10T00:03:01.1679816Z","copied-verified"
"cobol","C:\Users\jessi\GolandProjects\devflow-finance-twin\finance\cobol\LEDGWYCB.cbl","sources\C\Users\jessi\GolandProjects\devflow-finance-twin\finance\cobol\LEDGWYCB.cbl","1726","3C9290716FB46B38A0E9D178AB1266252F66885BBCAFB37C02DBE17CA3510DF0","2026-09-10T00:20:16.4852961Z","copied-verified"
"cobol","C:\Users\jessi\GolandProjects\devflow-finance-twin\finance\cobol\worm_bridge.cob","","2271","D5E78508A9A7252395D0E993E91F71AB9A0059771995E6A512B46858AE299D54","2026-09-09T19:18:38.3824946Z","duplicate-of:sources\D\tmp\devflow-finance-twin\cobol\worm_bridge.cob"
"cobol","C:\Users\jessi\Documents\Codex\2026-09-05\https-github-com-snapkittywest-devflow-finance\work\devflow-finance-twin\cobol\worm_bridge.cob","","2271","D5E78508A9A7252395D0E993E91F71AB9A0059771995E6A512B46858AE299D54","2026-09-05T11:34:41.9646221Z","duplicate-of:sources\D\tmp\devflow-finance-twin\cobol\worm_bridge.cob"
"transformer","C:\Users\jessi\Desktop\collect-cobol-transformer.ps1","transformer\C\Users\jessi\Desktop\collect-cobol-transformer.ps1","10201","5B89E9939E424E38F934B3788CE9C0F59F424DFBFDCCD1F28307AF0FF926D025","2026-09-25T23:24:31.7260835Z","copied-verified"
"cobol","C:\Users\jessi\Desktop\THE_BOOK\bridges\cobol\transaction.cbl","sources\C\Users\jessi\Desktop\THE_BOOK\bridges\cobol\transaction.cbl","4756","BC4195EC08BF50113E3C4D4F9B2DE745E84C56C55ED1472CC08D52AD4ACE3818","2026-07-27T15:22:32.1488510Z","copied-verified"
"cobol","C:\Users\jessi\Desktop\THE_BOOK\bridges\cobol\vault_treasury.cbl","sources\C\Users\jessi\Desktop\THE_BOOK\bridges\cobol\vault_treasury.cbl","2727","3A822022BC316AA4C9873ED79BC3610FBCF57247BB2401D122F3D50DB3C93454","2026-07-27T15:22:32.1548507Z","copied-verified"
"cobol","C:\Users\jessi\Desktop\the-49th-call\substrate\mamari.cbl","sources\C\Users\jessi\Desktop\the-49th-call\substrate\mamari.cbl","4404","574E4A0F6CCC467AA200ECA57651D502A3309A39AFDE8EE7886564CFFE0E93F3","2026-05-28T16:51:40.1800458Z","copied-verified"
"transformer","C:\Users\jessi\Desktop\sovereign-engine-v2\cobol-transformer\Cargo.lock","transformer\C\Users\jessi\Desktop\sovereign-engine-v2\cobol-transformer\Cargo.lock","28443","F494DA585D076E795DB8C59FBB7D8AA3164DB50897B8D391118A9A1B41956321","2026-09-25T10:20:36.0209571Z","copied-verified"
"transformer","C:\Users\jessi\Desktop\sovereign-engine-v2\cobol-transformer\Cargo.toml","transformer\C\Users\jessi\Desktop\sovereign-engine-v2\cobol-transformer\Cargo.toml","807","9C5A1861662F89D3370AA980C68DB60E69250CFEEDE22A593FA6CACEB22A4652","2026-09-25T10:19:38.5280398Z","copied-verified"
"transformer","C:\Users\jessi\Desktop\sovereign-engine-v2\cobol-transformer\Makefile","transformer\C\Users\jessi\Desktop\sovereign-engine-v2\cobol-transformer\Makefile","515","CE243E6B91ADF4F8DF1DEDBCD653F3E26C26BBB20A85A3C9FFCC3EB44C9EE58A","2026-09-25T10:17:36.1188462Z","copied-verified"
"transformer","C:\Users\jessi\Desktop\sovereign-engine-v2\cobol-transformer\README.md","transformer\C\Users\jessi\Desktop\sovereign-engine-v2\cobol-transformer\README.md","3228","2F7A742D27C9E0B6D0053D5E0853A1D86C2D00C47D5C9724928FC5F8EBB806B3","2026-09-25T10:17:54.8969630Z","copied-verified"
"transformer","C:\Users\jessi\Desktop\sovereign-engine-v2\cobol-transformer\tests\integration_test.rs","transformer\C\Users\jessi\Desktop\sovereign-engine-v2\cobol-transformer\tests\integration_test.rs","1573","DEEC4628BBE7BB62A53AFEC542ED990384A31677AE2B19DAD752C803D92DB926","2026-09-25T10:17:28.9729563Z","copied-verified"
"transformer","C:\Users\jessi\Desktop\sovereign-engine-v2\cobol-transformer\tests\fixtures\hello.cob","transformer\C\Users\jessi\Desktop\sovereign-engine-v2\cobol-transformer\tests\fixtures\hello.cob","318","4A2AF78F85BB394D6AEB63D6D534B0D3D1E598D78D3E4A3DE5108B619EDA57E0","2026-09-25T10:17:19.6476879Z","copied-verified"
"transformer","C:\Users\jessi\Desktop\sovereign-engine-v2\cobol-transformer\src\ast.rs","transformer\C\Users\jessi\Desktop\sovereign-engine-v2\cobol-transformer\src\ast.rs","22042","F03CD7B718C3DCDB527C491B825E4D60E8455D4A0AD78F387813D7BFF330020B","2026-09-25T10:20:55.0332366Z","copied-verified"
"transformer","C:\Users\jessi\Desktop\sovereign-engine-v2\cobol-transformer\src\cfg.rs","transformer\C\Users\jessi\Desktop\sovereign-engine-v2\cobol-transformer\src\cfg.rs","1010","B90C79FFFFEC2DF20F29E0DE9E7282AC4A6D2BE00F5C79546BE37C4D0894EB6E","2026-09-25T10:16:34.4290397Z","copied-verified"
"transformer","C:\Users\jessi\Desktop\sovereign-engine-v2\cobol-transformer\src\codegen.rs","transformer\C\Users\jessi\Desktop\sovereign-engine-v2\cobol-transformer\src\codegen.rs","7258","E1AC30866972BE9ED3275E21CA94B3B7795E5F4C1037F9F471D1D0AEC4567A7F","2026-09-25T10:17:12.3546949Z","copied-verified"
"transformer","C:\Users\jessi\Desktop\sovereign-engine-v2\cobol-transformer\src\dataflow.rs","transformer\C\Users\jessi\Desktop\sovereign-engine-v2\cobol-transformer\src\dataflow.rs","257","768EC9AC9C08B81A459E4D59B28634918F51609DD44F136D4F62B4E085FB69F9","2026-09-25T10:16:41.2525918Z","copied-verified"
"transformer","C:\Users\jessi\Desktop\sovereign-engine-v2\cobol-transformer\src\diagnostics.rs","transformer\C\Users\jessi\Desktop\sovereign-engine-v2\cobol-transformer\src\diagnostics.rs","3186","E2ED8AB32AE56320B1D156891FD6E80B3739D8DEDE451E03EC50DE47796271EB","2026-09-25T08:30:59.9321858Z","copied-verified"
"transformer","C:\Users\jessi\Desktop\sovereign-engine-v2\cobol-transformer\src\format.rs","transformer\C\Users\jessi\Desktop\sovereign-engine-v2\cobol-transformer\src\format.rs","7026","8E6729C4A795683844D860F11ACCF684B4C9BB3E2FF4990C508402AF8B15F9D2","2026-09-25T08:31:35.2081701Z","copied-verified"
"transformer","C:\Users\jessi\Desktop\sovereign-engine-v2\cobol-transformer\src\lexer.rs","transformer\C\Users\jessi\Desktop\sovereign-engine-v2\cobol-transformer\src\lexer.rs","24240","0D77C732977292440BA296B0383A2EC95A1580670A66A9A5D325802A36384010","2026-09-25T23:25:35.0978099Z","copied-verified"
"transformer","C:\Users\jessi\Desktop\sovereign-engine-v2\cobol-transformer\src\lib.rs","transformer\C\Users\jessi\Desktop\sovereign-engine-v2\cobol-transformer\src\lib.rs","266","666BDB189EC24BA7D312DA48F19D2432AB5481D1983E9BFC5FF4E36F373CEDE5","2026-09-25T10:18:01.4209375Z","copied-verified"
"transformer","C:\Users\jessi\Desktop\sovereign-engine-v2\cobol-transformer\src\main.rs","transformer\C\Users\jessi\Desktop\sovereign-engine-v2\cobol-transformer\src\main.rs","7713","C28C64E4A46D120C2688B448197BB924938A0BDD1993B04A7CF2E7D56D79ED08","2026-09-25T10:22:37.6024917Z","copied-verified"
"transformer","C:\Users\jessi\Desktop\sovereign-engine-v2\cobol-transformer\src\parser.rs","transformer\C\Users\jessi\Desktop\sovereign-engine-v2\cobol-transformer\src\parser.rs","28870","13B54D5DF097302357501775F16A83ACB166B74F48F8909BA976A6147DAF58D3","2026-09-25T23:27:15.0534540Z","copied-verified"
"transformer","C:\Users\jessi\Desktop\sovereign-engine-v2\cobol-transformer\src\preprocessor.rs","transformer\C\Users\jessi\Desktop\sovereign-engine-v2\cobol-transformer\src\preprocessor.rs","10547","29AD3A9DE516C4C9425A4288F01C569961CC8F9B503F98C54FB6F234E9A1A2F4","2026-09-25T08:32:10.7787274Z","copied-verified"
"transformer","C:\Users\jessi\Desktop\sovereign-engine-v2\cobol-transformer\src\source_map.rs","transformer\C\Users\jessi\Desktop\sovereign-engine-v2\cobol-transformer\src\source_map.rs","1744","76BDA60F642774BE5B0858845BC3C2234D52059F15CB2EF3D6B22A5F6DC596D8","2026-09-25T10:21:46.0671195Z","copied-verified"
"transformer","C:\Users\jessi\Desktop\sovereign-engine-v2\cobol-transformer\src\symbol_table.rs","transformer\C\Users\jessi\Desktop\sovereign-engine-v2\cobol-transformer\src\symbol_table.rs","2692","EAAEFA8F5258707111F7B9B50EEEB883A0BC1FC7581AB67C709559C218C0241D","2026-09-25T10:16:18.6220133Z","copied-verified"
"transformer","C:\Users\jessi\Desktop\sovereign-engine-v2\cobol-transformer\src\transform.rs","transformer\C\Users\jessi\Desktop\sovereign-engine-v2\cobol-transformer\src\transform.rs","776","728FAEE2E284433EE4F826C3633D2828933A054399FDE6A3A7FFFFB74F9DFB51","2026-09-25T10:16:48.4460016Z","copied-verified"
"transformer","C:\Users\jessi\Desktop\sovereign-engine-v2\cobol-transformer\src\type_system.rs","transformer\C\Users\jessi\Desktop\sovereign-engine-v2\cobol-transformer\src\type_system.rs","307","99B20DF8E6181213B5C13CE59E154BC2F261B1329A50D068C6D52DA6D0ED9040","2026-09-25T10:16:25.9461015Z","copied-verified"
"cobol","C:\Users\jessi\Desktop\sovereign-engine-v2\worm-pow-rsa\cobol\records\append-record.cbl","","5054","346F97547EB7D9FC08AF21EC562BC898FB28D086E97B203F82AEE9000E2340B3","2026-09-24T11:01:42.0964394Z","duplicate-of:sources\C\Users\jessi\RiderProjects\astra\worm-pow-rsa\cobol\records\append-record.cbl"
"cobol","C:\Users\jessi\Desktop\sovereign-engine-v2\worm-pow-rsa\cobol\records\worm-record.cpy","","2335","28973AEAA054CBEF83A54544599C3BC40BA398698760D3D4440D32D6C2316B2D","2026-09-24T11:01:22.1412651Z","duplicate-of:sources\C\Users\jessi\RiderProjects\astra\worm-pow-rsa\cobol\records\worm-record.cpy"
"cobol","C:\Users\jessi\Desktop\sovereign-engine-v2\worm-pow-rsa\cobol\reconciliation\reconcile-ledger.cbl","","12015","A58AC8AB86486AB2C6CB8F0CA81B467408FFAF4A4EFC263796A0C11E989E859E","2026-09-24T11:04:40.9440928Z","duplicate-of:sources\C\Users\jessi\RiderProjects\astra\worm-pow-rsa\cobol\reconciliation\reconcile-ledger.cbl"
"cobol","C:\Users\jessi\Desktop\sovereign-engine-v2\worm-pow-rsa\cobol\ingestion\batch-ingest.cbl","","9185","7A840A7788AF1F4491113C0B2D9B86D5CB48B1F91EBEF8FC26E3324350A03F7D","2026-09-24T11:02:34.6520821Z","duplicate-of:sources\C\Users\jessi\RiderProjects\astra\worm-pow-rsa\cobol\ingestion\batch-ingest.cbl"
"cobol","C:\Users\jessi\Desktop\sovereign-engine-v2\worm-pow-rsa\cobol\archival\archive-segment.cbl","","7515","A5827BC675E7B3795C446045F08EB1EC5D71575F6A9FF59926ACCC7EBAC5B387","2026-09-24T11:03:35.8362583Z","duplicate-of:sources\C\Users\jessi\RiderProjects\astra\worm-pow-rsa\cobol\archival\archive-segment.cbl"
"cobol","C:\Users\jessi\Desktop\sovereign-engine-v2\the-49th-call\substrate\mamari.cbl","","4513","40F11040E4791A48F204A439081D4FAE2746A55803A712A6F54586941AD3AF82","2026-09-18T06:51:15.0633313Z","duplicate-of:sources\D\tmp\sovereign-engine-v2\the-49th-call\substrate\mamari.cbl"
"cobol","C:\Users\jessi\Desktop\sov-kernel-monster\sovereign-pli\sov_record_gate.cbl","","5770","AE0A0F1E2875588661723B4D1EFB39388B0278877E60ADB796AB81344EB3F70B","2026-08-03T23:51:22.3026461Z","duplicate-of:sources\D\tmp\sov-kernel-monster-rtx-20260725\sovereign-pli\sov_record_gate.cbl"
"cobol","C:\Users\jessi\Desktop\sov-kernel-monster\seb\adapters\SEBEVENT.cpy","","7086","010487F77D9C8B49357576726396545DE21FE8B337CADCF02C9348CC8F47AEF5","2026-08-03T23:51:22.2361762Z","duplicate-of:sources\D\tmp\Sovereign-Event-Bus\seb\adapters\SEBEVENT.cpy"
"cobol","C:\Users\jessi\Desktop\SKC\DEVFLOW-FINANCE\bridges\cobol\transaction.cbl","sources\C\Users\jessi\Desktop\SKC\DEVFLOW-FINANCE\bridges\cobol\transaction.cbl","4867","0C234EEC8B59CD3F7536E818F7E2B99FBD86AE7CBCDB9730C88888BDD93ACEB7","2026-06-15T22:08:31.0859199Z","copied-verified"
"cobol","C:\Users\jessi\Desktop\SKC\DEVFLOW-FINANCE\bridges\cobol\vault_treasury.cbl","sources\C\Users\jessi\Desktop\SKC\DEVFLOW-FINANCE\bridges\cobol\vault_treasury.cbl","2801","739178DD5A5DF119286E76F25676FB3047DD673BE97163183334A1E390F1F595","2026-06-15T22:08:31.0859199Z","copied-verified"
"cobol","C:\Users\jessi\Desktop\FEDERATED-SKUNKSLAB\the-49th-call\substrate\mamari.cbl","","4404","574E4A0F6CCC467AA200ECA57651D502A3309A39AFDE8EE7886564CFFE0E93F3","2026-08-12T17:06:02.4055222Z","duplicate-of:sources\C\Users\jessi\Desktop\the-49th-call\substrate\mamari.cbl"
"cobol","C:\Users\jessi\Desktop\devflow-finance-twin-fix\cobol\worm_bridge.cob","sources\C\Users\jessi\Desktop\devflow-finance-twin-fix\cobol\worm_bridge.cob","2212","067FB3002DCAA35F8F23517675BD40D9520B9A26E64C7DAE7E2A2E76EEA564CB","2026-09-04T22:39:06.7841183Z","copied-verified"
"cobol","C:\Users\jessi\Desktop\devflow-finance-twin\finance\cobol\ACHRTRN.cbl","","14105","3A8C4607041F1B85D87F4695CB667A1166AC57F307D389241E4793A66117164B","2026-09-20T02:12:41.1293703Z","duplicate-of:sources\D\tmp\devflow-finance-twin\cobol\ACHRTRN.cbl"
"cobol","C:\Users\jessi\Desktop\devflow-finance-twin\finance\cobol\COBILT-ACH-TREASURY.cbl","","16014","A538B87D4820FB558111A9BE328382AA6ADD4D7A39B1A8E0D59729858784DF68","2026-09-20T02:12:41.1293703Z","duplicate-of:sources\D\tmp\devflow-finance-twin\cobol\COBILT-ACH-TREASURY.cbl"
"cobol","C:\Users\jessi\Desktop\devflow-finance-twin\finance\cobol\COBILT-DATAWORM.cbl","","14430","865D7ADED2F6143AF723F1FFA3C4516FB884CE13AB8F41D8FDA913987B4EE1C2","2026-09-20T02:12:41.1293703Z","duplicate-of:sources\D\tmp\devflow-finance-twin\cobol\COBILT-DATAWORM.cbl"
"cobol","C:\Users\jessi\Desktop\devflow-finance-twin\finance\cobol\COBILT-VAULT.cbl","","25068","85465DED852E2F93AF14313A129B35BC17DD035DF61A1F60AE06FFB2F7EE1EF6","2026-09-20T02:12:41.1303708Z","duplicate-of:sources\D\tmp\devflow-finance-twin\cobol\COBILT-VAULT.cbl"
"cobol","C:\Users\jessi\Desktop\devflow-finance-twin\finance\cobol\COBILT_DATAWORM_TREASURY.cob","","15481","6A97C605DEC262F805E9639022E0145559AEA5C688052BF93027F8537A1AB150","2026-09-20T02:12:41.1313706Z","duplicate-of:sources\D\tmp\devflow-finance-twin\cobol\COBILT_DATAWORM_TREASURY.cob"
"cobol","C:\Users\jessi\Desktop\devflow-finance-twin\finance\cobol\LEDGER_POST.cbl","","1349","BB4E5BD4678D752902FD884F6BCAC79484A2ACA25235E4BC7E39AD9F305FAED4","2026-09-20T02:12:41.1313706Z","duplicate-of:sources\D\tmp\devflow-finance-twin\cobol\LEDGER_POST.cbl"
"cobol","C:\Users\jessi\Desktop\devflow-finance-twin\finance\cobol\LEDGWYCB.cbl","","1777","B5A891A7CEF2FB7E844CC613C845148031A681A1C338FEAB7CCDFE374197F061","2026-09-20T02:12:41.1323710Z","duplicate-of:sources\D\tmp\devflow-finance-twin\cobol\LEDGWYCB.cbl"
"cobol","C:\Users\jessi\Desktop\devflow-finance-twin\finance\cobol\worm_bridge.cob","","2271","D5E78508A9A7252395D0E993E91F71AB9A0059771995E6A512B46858AE299D54","2026-09-20T02:12:41.1323710Z","duplicate-of:sources\D\tmp\devflow-finance-twin\cobol\worm_bridge.cob"
"cobol","C:\Users\jessi\Desktop\DEVFLOW-FINANCE\bridges\cobol\transaction.cbl","","4867","0C234EEC8B59CD3F7536E818F7E2B99FBD86AE7CBCDB9730C88888BDD93ACEB7","2026-09-02T08:47:06.8894349Z","duplicate-of:sources\C\Users\jessi\Desktop\SKC\DEVFLOW-FINANCE\bridges\cobol\transaction.cbl"
"cobol","C:\Users\jessi\Desktop\DEVFLOW-FINANCE\bridges\cobol\vault_treasury.cbl","","2801","739178DD5A5DF119286E76F25676FB3047DD673BE97163183334A1E390F1F595","2026-09-02T08:47:06.8894349Z","duplicate-of:sources\C\Users\jessi\Desktop\SKC\DEVFLOW-FINANCE\bridges\cobol\vault_treasury.cbl"
"cobol","C:\Users\jessi\Desktop\cartographer-agent\kernels\cobol-law-kernel.cob","","1825","7428FE3500822D7641486F24826381B2086493D0B7D5262395B79A5449E47029","2026-07-10T13:54:52.2984160Z","duplicate-of:sources\D\tmp\cartographer-agent\kernels\cobol-law-kernel.cob"
"cobol","C:\Users\jessi\Desktop\bobs control repo\COBILT-ACH-TREASURY.cbl","sources\C\Users\jessi\Desktop\bobs control repo\COBILT-ACH-TREASURY.cbl","15530","8CC3AA681F76DC5A205E5D9CDC42383B648E7C2418FBDA3FBDA119E96FB88849","2026-09-07T09:51:11.6403662Z","copied-verified"
"cobol","C:\Users\jessi\Desktop\bobs control repo\COBILT-DATAWORM.cbl","sources\C\Users\jessi\Desktop\bobs control repo\COBILT-DATAWORM.cbl","13954","15044F6396387359FAE39FBA353D94D47A78028829CCA20488E0F9ACEAFA9B2A","2026-09-07T09:51:51.3988011Z","copied-verified"
"cobol","C:\Users\jessi\Desktop\bobs control repo\COBILT-VAULT.cbl","sources\C\Users\jessi\Desktop\bobs control repo\COBILT-VAULT.cbl","24410","5A5BEE1824D6C4E1DBD8FE123F7420FCF462926EA4BEC6FD06042E033C1E663A","2026-09-07T07:42:23.9898766Z","copied-verified"
"cobol","C:\Users\jessi\Desktop\bobs control repo\COBILT_DATAWORM_TREASURY.cob","sources\C\Users\jessi\Desktop\bobs control repo\COBILT_DATAWORM_TREASURY.cob","15007","40715F96E6C4C541150594C85412936FC4AA3F2C6F2D3F62F37ACE1F55ED79FD","2026-09-07T09:50:34.8238180Z","copied-verified"
"cobol","C:\Users\jessi\Desktop\bobs control repo\substrate\mamari.cbl","","4513","40F11040E4791A48F204A439081D4FAE2746A55803A712A6F54586941AD3AF82","2026-08-06T15:19:52.4204881Z","duplicate-of:sources\D\tmp\sovereign-engine-v2\the-49th-call\substrate\mamari.cbl"
"cobol","C:\Users\jessi\Desktop\bobs control repo\sovereign-engine-v2-readme\the-49th-call\substrate\mamari.cbl","","4513","40F11040E4791A48F204A439081D4FAE2746A55803A712A6F54586941AD3AF82","2026-09-20T02:20:10.3268969Z","duplicate-of:sources\D\tmp\sovereign-engine-v2\the-49th-call\substrate\mamari.cbl"
"cobol","C:\Users\jessi\Desktop\bobs control repo\sov-kernel-monster\sovereign-pli\sov_record_gate.cbl","","5770","AE0A0F1E2875588661723B4D1EFB39388B0278877E60ADB796AB81344EB3F70B","2026-07-22T21:35:10.0962195Z","duplicate-of:sources\D\tmp\sov-kernel-monster-rtx-20260725\sovereign-pli\sov_record_gate.cbl"
"cobol","C:\Users\jessi\Desktop\bobs control repo\sov-kernel-monster\seb\adapters\SEBEVENT.cpy","","7086","010487F77D9C8B49357576726396545DE21FE8B337CADCF02C9348CC8F47AEF5","2026-07-26T18:18:24.5596747Z","duplicate-of:sources\D\tmp\Sovereign-Event-Bus\seb\adapters\SEBEVENT.cpy"
"cobol","C:\Users\jessi\Desktop\bobs control repo\shadow-orchestrator\.resurrect-workspace\the-49th-call\substrate\mamari.cbl","","4513","40F11040E4791A48F204A439081D4FAE2746A55803A712A6F54586941AD3AF82","2026-06-19T03:01:09.9592419Z","duplicate-of:sources\D\tmp\sovereign-engine-v2\the-49th-call\substrate\mamari.cbl"
"cobol","C:\Users\jessi\Desktop\bobs control repo\forge-legacy-bridge\cobol\transaction.cbl","sources\C\Users\jessi\Desktop\bobs control repo\forge-legacy-bridge\cobol\transaction.cbl","4620","453F090CA250E9178771404D4545A15CF17FD63F162F780B35E15085CB72270A","2026-06-25T00:23:35.5411135Z","copied-verified"
"cobol","C:\Users\jessi\Desktop\bobs control repo\forge-legacy-bridge\cobol\vault_treasury.cbl","","2727","3A822022BC316AA4C9873ED79BC3610FBCF57247BB2401D122F3D50DB3C93454","2026-05-31T00:29:25.2202079Z","duplicate-of:sources\C\Users\jessi\Desktop\THE_BOOK\bridges\cobol\vault_treasury.cbl"
"cobol","C:\Users\jessi\Desktop\bobs control repo\devflow-finance-twin-readme\cobol\ACHRTRN.cbl","","14105","3A8C4607041F1B85D87F4695CB667A1166AC57F307D389241E4793A66117164B","2026-09-18T00:38:07.0026884Z","duplicate-of:sources\D\tmp\devflow-finance-twin\cobol\ACHRTRN.cbl"
"cobol","C:\Users\jessi\Desktop\bobs control repo\devflow-finance-twin-readme\cobol\COBILT-ACH-TREASURY.cbl","","16014","A538B87D4820FB558111A9BE328382AA6ADD4D7A39B1A8E0D59729858784DF68","2026-09-18T00:38:07.0026884Z","duplicate-of:sources\D\tmp\devflow-finance-twin\cobol\COBILT-ACH-TREASURY.cbl"
"cobol","C:\Users\jessi\Desktop\bobs control repo\devflow-finance-twin-readme\cobol\COBILT-DATAWORM.cbl","","14430","865D7ADED2F6143AF723F1FFA3C4516FB884CE13AB8F41D8FDA913987B4EE1C2","2026-09-18T00:38:07.0036874Z","duplicate-of:sources\D\tmp\devflow-finance-twin\cobol\COBILT-DATAWORM.cbl"
"cobol","C:\Users\jessi\Desktop\bobs control repo\devflow-finance-twin-readme\cobol\COBILT-VAULT.cbl","","25068","85465DED852E2F93AF14313A129B35BC17DD035DF61A1F60AE06FFB2F7EE1EF6","2026-09-18T00:38:07.0036874Z","duplicate-of:sources\D\tmp\devflow-finance-twin\cobol\COBILT-VAULT.cbl"
"cobol","C:\Users\jessi\Desktop\bobs control repo\devflow-finance-twin-readme\cobol\COBILT_DATAWORM_TREASURY.cob","","15481","6A97C605DEC262F805E9639022E0145559AEA5C688052BF93027F8537A1AB150","2026-09-18T00:38:07.0046886Z","duplicate-of:sources\D\tmp\devflow-finance-twin\cobol\COBILT_DATAWORM_TREASURY.cob"
"cobol","C:\Users\jessi\Desktop\bobs control repo\devflow-finance-twin-readme\cobol\LEDGER_POST.cbl","","1349","BB4E5BD4678D752902FD884F6BCAC79484A2ACA25235E4BC7E39AD9F305FAED4","2026-09-18T00:38:07.0046886Z","duplicate-of:sources\D\tmp\devflow-finance-twin\cobol\LEDGER_POST.cbl"
"cobol","C:\Users\jessi\Desktop\bobs control repo\devflow-finance-twin-readme\cobol\LEDGWYCB.cbl","","1777","B5A891A7CEF2FB7E844CC613C845148031A681A1C338FEAB7CCDFE374197F061","2026-09-18T00:38:07.0046886Z","duplicate-of:sources\D\tmp\devflow-finance-twin\cobol\LEDGWYCB.cbl"
"cobol","C:\Users\jessi\Desktop\bobs control repo\devflow-finance-twin-readme\cobol\worm_bridge.cob","","2271","D5E78508A9A7252395D0E993E91F71AB9A0059771995E6A512B46858AE299D54","2026-09-18T00:38:07.0046886Z","duplicate-of:sources\D\tmp\devflow-finance-twin\cobol\worm_bridge.cob"
"cobol","C:\Users\jessi\Desktop\bobs control repo\devflow-finance-twin-prod\cobol\worm_bridge.cob","","2271","D5E78508A9A7252395D0E993E91F71AB9A0059771995E6A512B46858AE299D54","2026-09-05T02:27:44.2525725Z","duplicate-of:sources\D\tmp\devflow-finance-twin\cobol\worm_bridge.cob"
"cobol","C:\Users\jessi\Desktop\bobs control repo\devflow-finance-twin-organize\cobol\ACHRTRN.cbl","","14105","3A8C4607041F1B85D87F4695CB667A1166AC57F307D389241E4793A66117164B","2026-09-12T06:40:57.2753041Z","duplicate-of:sources\D\tmp\devflow-finance-twin\cobol\ACHRTRN.cbl"
"cobol","C:\Users\jessi\Desktop\bobs control repo\devflow-finance-twin-organize\cobol\COBILT-ACH-TREASURY.cbl","","16014","A538B87D4820FB558111A9BE328382AA6ADD4D7A39B1A8E0D59729858784DF68","2026-09-12T06:40:57.2753041Z","duplicate-of:sources\D\tmp\devflow-finance-twin\cobol\COBILT-ACH-TREASURY.cbl"
"cobol","C:\Users\jessi\Desktop\bobs control repo\devflow-finance-twin-organize\cobol\COBILT-DATAWORM.cbl","","14430","865D7ADED2F6143AF723F1FFA3C4516FB884CE13AB8F41D8FDA913987B4EE1C2","2026-09-12T06:40:57.2763048Z","duplicate-of:sources\D\tmp\devflow-finance-twin\cobol\COBILT-DATAWORM.cbl"
"cobol","C:\Users\jessi\Desktop\bobs control repo\devflow-finance-twin-organize\cobol\COBILT-VAULT.cbl","","25068","85465DED852E2F93AF14313A129B35BC17DD035DF61A1F60AE06FFB2F7EE1EF6","2026-09-12T06:40:57.2763048Z","duplicate-of:sources\D\tmp\devflow-finance-twin\cobol\COBILT-VAULT.cbl"
"cobol","C:\Users\jessi\Desktop\bobs control repo\devflow-finance-twin-organize\cobol\COBILT_DATAWORM_TREASURY.cob","","15481","6A97C605DEC262F805E9639022E0145559AEA5C688052BF93027F8537A1AB150","2026-09-12T06:40:57.2773032Z","duplicate-of:sources\D\tmp\devflow-finance-twin\cobol\COBILT_DATAWORM_TREASURY.cob"
"cobol","C:\Users\jessi\Desktop\bobs control repo\devflow-finance-twin-organize\cobol\LEDGER_POST.cbl","","1349","BB4E5BD4678D752902FD884F6BCAC79484A2ACA25235E4BC7E39AD9F305FAED4","2026-09-12T06:40:57.2773032Z","duplicate-of:sources\D\tmp\devflow-finance-twin\cobol\LEDGER_POST.cbl"
"cobol","C:\Users\jessi\Desktop\bobs control repo\devflow-finance-twin-organize\cobol\LEDGWYCB.cbl","","1777","B5A891A7CEF2FB7E844CC613C845148031A681A1C338FEAB7CCDFE374197F061","2026-09-12T06:40:57.2773032Z","duplicate-of:sources\D\tmp\devflow-finance-twin\cobol\LEDGWYCB.cbl"
"cobol","C:\Users\jessi\Desktop\bobs control repo\devflow-finance-twin-organize\cobol\worm_bridge.cob","","2271","D5E78508A9A7252395D0E993E91F71AB9A0059771995E6A512B46858AE299D54","2026-09-12T06:40:57.2773032Z","duplicate-of:sources\D\tmp\devflow-finance-twin\cobol\worm_bridge.cob"
"cobol","C:\Users\jessi\Desktop\bobs control repo\DEVFLOW-FINANCE\bridges\cobol\transaction.cbl","","4756","BC4195EC08BF50113E3C4D4F9B2DE745E84C56C55ED1472CC08D52AD4ACE3818","2026-05-29T06:31:39.3641737Z","duplicate-of:sources\C\Users\jessi\Desktop\THE_BOOK\bridges\cobol\transaction.cbl"
"cobol","C:\Users\jessi\Desktop\bobs control repo\DEVFLOW-FINANCE\bridges\cobol\vault_treasury.cbl","","2727","3A822022BC316AA4C9873ED79BC3610FBCF57247BB2401D122F3D50DB3C93454","2026-05-31T00:29:25.2202079Z","duplicate-of:sources\C\Users\jessi\Desktop\THE_BOOK\bridges\cobol\vault_treasury.cbl"
